{
  "core_scaler_mean": [
    2.83264491785484e-09,
    0.0018343405764356766,
    0.08523630957946825,
    0.08476234883519265,
    2.7466262370886274,
    -9.66693551000242e-07
  ],
  "core_scaler_scale": [
    1.749924698804973e-10,
    0.007951173897829922,
    0.1345363914053978,
    0.043765335542046986,
    51.38947475568691,
    0.004577826813075052
  ],
  "conditions_scaler_mean": [
    2.8236277122203563e-09,
    1.1147170825647002e-12,
    0.08309411106586971,
    0.6000000000000717,
    21.39999999999628,
    0.8550167226368854,
    2.822928227347247e-09,
    4.505216418297814e-12,
    0.0940328433407311,
    0.8400000000001013,
    24.76000000000317,
    0.9680734448532823,
    2.816386474581064e-09,
    7.64969739916234e-12,
    0.10124261041767653,
    0.5,
    29.82000000000539,
    1.0427496025756648,
    10000.0,
    -3.252097533548065e-05,
    1.0416811026012838,
    2.8254965798020345e-09,
    9.718419402326014e+16
  ],
  "conditions_scaler_scale": [
    1.0,
    1.0,
    1.0,
    1.0,
    1.0,
    1.0,
    1.0,
    1.0,
    1.0,
    1.0,
    1.0,
    1.0,
    1.0,
    1.0,
    1.0,
    1.0,
    1.0,
    1.0,
    1.0,
    1.0,
    1.0,
    1.0,
    1.0
  ]
}